frame_idx,V_raw_onnx,V_filtered_onnx,conf_onnx,t_infer_onnx,t_total_onnx,V_raw_torch,V_filtered_torch,conf_torch,t_infer_torch,t_total_torch,raw_diff,filtered_diff
1,2.3411075501594136,1.1715480089187622,0.1925,182.80696868896484,186.52749061584473,2.3411075501594136,1.1715480089187622,0.1925,70.60575485229492,100.36730766296387,0.0,0.0
2,2.4175257608126497,1.5901743173599243,0.1925,14.777183532714844,18.2192325592041,2.4175257608126497,1.5901743173599243,0.1925,12.436151504516602,14.377832412719727,0.0,0.0
3,2.363572262040511,1.7892301082611084,0.19,14.536380767822266,16.997575759887695,2.363572262040511,1.7892301082611084,0.19,12.30001449584961,14.246463775634766,0.0,0.0
4,2.4822556612718856,1.9367951154708862,0.1925,14.223337173461914,16.31331443786621,2.4822556612718856,1.9367951154708862,0.1925,12.416601181030273,14.30654525756836,0.0,0.0
5,2.355734510594308,2.0172202587127686,0.15,13.591766357421875,15.051603317260742,2.355734510594308,2.0172202587127686,0.15,12.293815612792969,14.095067977905273,0.0,0.0
6,2.360872208852217,2.079078197479248,0.1525,14.35542106628418,16.692638397216797,2.360872208852217,2.079078197479248,0.1525,12.392997741699219,14.267444610595703,0.0,0.0
7,2.3522408058136617,2.1277027130126953,0.14,13.916015625,16.008853912353516,2.3522408058136617,2.1277027130126953,0.14,11.605024337768555,13.425111770629883,0.0,0.0
8,2.2236588651952296,2.151322603225708,0.155,13.045072555541992,14.898300170898438,2.2236588651952296,2.151322603225708,0.155,11.52801513671875,13.395309448242188,0.0,0.0
9,2.2438646916706473,2.1744401454925537,0.1575,13.20028305053711,15.745878219604492,2.2438646916706473,2.1744401454925537,0.1575,11.633872985839844,13.404369354248047,0.0,0.0
10,2.530571520235522,2.230701446533203,0.29,12.725830078125,14.421463012695312,2.5196730303164196,2.229337215423584,0.29,11.700630187988281,13.535022735595703,0.01089848991910225,0.0013642311096191406
11,2.459208751198706,2.272559642791748,0.285,13.1683349609375,15.40994644165039,2.459208751198706,2.2712979316711426,0.285,11.626958847045898,13.518333435058594,0.0,0.0012617111206054688
12,2.4182485974135437,2.3054163455963135,0.2875,13.360023498535156,15.52581787109375,2.4182485974135437,2.3042521476745605,0.2875,11.495351791381836,13.35287094116211,0.0,0.0011641979217529297
13,2.413167388757408,2.334441661834717,0.285,13.43393325805664,15.604496002197266,2.4071711897444277,2.33264422416687,0.285,11.510610580444336,13.305425643920898,0.00599619901298043,0.0017974376678466797
14,2.3721860145053224,2.355574131011963,0.285,13.477087020874023,15.697240829467773,2.3721860145053224,2.353914976119995,0.285,11.71255111694336,13.57889175415039,0.0,0.0016591548919677734
15,2.7265706451303386,2.417180061340332,0.41,12.655019760131836,14.19377326965332,2.7265706451303386,2.4156551361083984,0.41,11.531829833984375,13.511896133422852,0.0,0.0015249252319335938
16,2.656808695714664,2.465280771255493,0.4075,13.542890548706055,15.845537185668945,2.652990523882773,2.463423728942871,0.4075,11.698246002197266,13.983488082885742,0.0038181718318908153,0.0018570423126220703
17,2.6888089302333955,2.512892961502075,0.425,13.880729675292969,16.486167907714844,2.6872199575237152,2.510998487472534,0.425,12.662887573242188,16.341209411621094,0.0015889727096802808,0.0018944740295410156
18,2.697750525823134,2.5571322441101074,0.4025,13.43679428100586,15.993595123291016,2.697750525823134,2.555398941040039,0.4025,12.04371452331543,13.906240463256836,0.0,0.0017333030700683594
19,2.72955658107405,2.600862503051758,0.4025,13.30423355102539,15.326499938964844,2.72955658107405,2.59928297996521,0.4025,11.819601058959961,13.662099838256836,0.0,0.0015795230865478516
20,2.68093666745354,2.6344003677368164,0.4,12.917757034301758,14.471769332885742,2.68093666745354,2.632966995239258,0.4,11.681556701660156,13.464927673339844,0.0,0.0014333724975585938
21,2.6229916947135488,2.657365322113037,0.385,13.667106628417969,15.67983627319336,2.609134044243871,2.6544241905212402,0.3875,11.703968048095703,13.525724411010742,0.013857650469677907,0.002941131591796875
22,2.703969262404132,2.6869590282440186,0.3875,13.282060623168945,15.404462814331055,2.703969262404132,2.6842551231384277,0.3875,11.598348617553711,13.40174674987793,0.0,0.0027039051055908203
23,2.6747614999729032,2.7097954750061035,0.3775,13.330936431884766,15.719890594482422,2.6747614999729032,2.707315683364868,0.3775,11.73853874206543,13.565301895141602,0.0,0.0024797916412353516
24,2.609896865036784,2.7223641872406006,0.3825,13.340950012207031,15.200376510620117,2.609896865036784,2.720095157623291,0.3825,12.004375457763672,13.769149780273438,0.0,0.0022690296173095703
25,2.4839952385991073,2.7186882495880127,0.2775,12.816667556762695,14.486074447631836,2.4839952385991073,2.716616153717041,0.2775,11.538267135620117,13.312101364135742,0.0,0.0020720958709716797
26,2.4622449397760784,2.712001085281372,0.28,13.404130935668945,15.362024307250977,2.4622449397760784,2.7101125717163086,0.28,11.682510375976562,13.515949249267578,0.0,0.0018885135650634766
27,2.516961138805008,2.711122989654541,0.3025,13.329505920410156,15.386581420898438,2.523539658951941,2.7101311683654785,0.3025,11.62409782409668,13.380765914916992,0.006578520146932831,0.0009918212890625
28,2.445703877563823,2.7019057273864746,0.2925,13.42630386352539,15.391111373901367,2.4474069441487867,2.7012104988098145,0.2925,11.666297912597656,13.652563095092773,0.001703066584963775,0.0006952285766601562
29,2.4676489948674725,2.695173978805542,0.295,13.326168060302734,15.372514724731445,2.4676489948674725,2.6945698261260986,0.295,11.505603790283203,13.280153274536133,0.0,0.0006041526794433594
30,2.58434146166309,2.7007174491882324,0.4175,12.78829574584961,14.26386833190918,2.585004401774592,2.7002663612365723,0.42,11.509895324707031,13.251304626464844,0.0006629401115016975,0.00045108795166015625
31,2.643509143344909,2.711470365524292,0.44,13.288736343383789,15.30146598815918,2.643509143344909,2.7110910415649414,0.44,11.531829833984375,13.309478759765625,0.0,0.00037932395935058594
32,2.655474172949873,2.7221686840057373,0.4375,13.366460800170898,15.29836654663086,2.655474172949873,2.7218551635742188,0.4375,11.466264724731445,13.261079788208008,0.0,0.0003135204315185547
33,2.6299466587575475,2.729095458984375,0.4475,13.27371597290039,15.193939208984375,2.6299466587575475,2.728841781616211,0.4475,11.46841049194336,13.259649276733398,0.0,0.0002536773681640625
34,2.6446570138032524,2.736560344696045,0.445,13.308048248291016,15.383243560791016,2.649252173127469,2.7368106842041016,0.445,11.694908142089844,13.491153717041016,0.004595159324216613,0.0002503395080566406
35,2.687675696857007,2.747248649597168,0.4825,12.69221305847168,14.098405838012695,2.687675696857007,2.7475221157073975,0.4825,11.501073837280273,13.254642486572266,0.0,0.0002734661102294922
36,2.6813989657014927,2.7562193870544434,0.46,13.353347778320312,15.403032302856445,2.6813989657014927,2.7565131187438965,0.46,11.541604995727539,13.334035873413086,0.0,0.000293731689453125
37,2.7298268621157487,2.7687079906463623,0.485,13.235092163085938,15.231847763061523,2.7298268621157487,2.769019842147827,0.485,11.539936065673828,13.339757919311523,0.0,0.00031185150146484375
38,2.7248790822910336,2.77954363822937,0.4925,13.290166854858398,15.352487564086914,2.7248790822910336,2.7798714637756348,0.4925,11.518239974975586,13.315916061401367,0.0,0.00032782554626464844
39,2.7198550681398705,2.788874387741089,0.51,13.231039047241211,15.290260314941406,2.7198550681398705,2.7892162799835205,0.51,11.488676071166992,13.272523880004883,0.0,0.0003418922424316406
40,2.5964053454001648,2.7864534854888916,0.4325,12.852668762207031,14.326095581054688,2.5964053454001648,2.7868077754974365,0.4325,11.534690856933594,13.31329345703125,0.0,0.0003542900085449219
41,2.6987113154268814,2.7927820682525635,0.4275,13.682365417480469,15.87820053100586,2.6987113154268814,2.793146848678589,0.4275,11.555194854736328,13.40484619140625,0.0,0.0003647804260253906
42,2.7609228993369594,2.8037118911743164,0.4375,13.425827026367188,15.542268753051758,2.7609228993369594,2.8040859699249268,0.4375,11.512279510498047,13.315677642822266,0.0,0.00037407875061035156
43,2.7784490417310423,2.8151354789733887,0.4625,13.40341567993164,15.442371368408203,2.7784490417310423,2.8155174255371094,0.4625,11.538505554199219,13.315200805664062,0.0,0.0003819465637207031
44,2.881251277346988,2.8339779376983643,0.4525,13.240814208984375,15.150308609008789,2.881251277346988,2.834366798400879,0.4525,11.480331420898438,13.295650482177734,0.0,0.00038886070251464844
45,2.7928860810836014,2.8442699909210205,0.415,12.716293334960938,14.15109634399414,2.7928860810836014,2.8446645736694336,0.415,11.559247970581055,13.269662857055664,0.0,0.00039458274841308594
46,2.797137233509353,2.8540291786193848,0.4075,13.35000991821289,15.390872955322266,2.797137233509353,2.854428768157959,0.4075,11.588811874389648,13.404607772827148,0.0,0.00039958953857421875
47,2.743584487755741,2.8588194847106934,0.4,13.397932052612305,15.444040298461914,2.743584487755741,2.8592231273651123,0.4,11.713504791259766,13.566017150878906,0.0,0.0004036426544189453
48,2.647432964189534,2.8557982444763184,0.4025,13.351678848266602,15.28310775756836,2.647432964189534,2.856205463409424,0.4025,11.63935661315918,13.448238372802734,0.0,0.00040721893310546875
49,2.7080492078607383,2.8573522567749023,0.38,13.275623321533203,15.361309051513672,2.695358873621584,2.8568105697631836,0.3825,11.821269989013672,13.575553894042969,0.012690334239154222,0.00054168701171875
50,2.7739147404933004,2.8635151386260986,0.4875,12.750864028930664,14.17231559753418,2.7739147404933004,2.8630199432373047,0.4875,11.588811874389648,13.365507125854492,0.0,0.0004951953887939453
51,2.7871873997210477,2.870116710662842,0.4725,13.260364532470703,15.2740478515625,2.7871873997210477,2.8696649074554443,0.4725,11.67750358581543,13.503313064575195,0.0,0.00045180320739746094
52,2.7980094240964077,2.876950979232788,0.4675,13.311624526977539,15.353918075561523,2.7980094240964077,2.876539945602417,0.4675,11.741876602172852,13.539791107177734,0.0,0.00041103363037109375
53,2.7555410338099295,2.8802571296691895,0.445,13.250350952148438,15.276193618774414,2.7555410338099295,2.8798844814300537,0.445,11.549949645996094,13.331890106201172,0.0,0.0003726482391357422
54,2.6312368594150417,2.8746390342712402,0.45,13.293027877807617,15.318632125854492,2.6312368594150417,2.8743019104003906,0.45,11.56759262084961,13.355493545532227,0.0,0.0003371238708496094
55,2.77114960772477,2.8787574768066406,0.4025,12.74251937866211,14.244318008422852,2.77114960772477,2.8784537315368652,0.4025,11.519193649291992,13.28897476196289,0.0,0.0003037452697753906
56,2.7545693528399484,2.88141131401062,0.39,13.366937637329102,15.20395278930664,2.7545693528399484,2.881139039993286,0.39,11.547565460205078,13.33308219909668,0.0,0.0002722740173339844
57,2.6777486079487467,2.8787267208099365,0.3825,13.249874114990234,15.310049057006836,2.6777486079487467,2.8784842491149902,0.3825,11.643409729003906,13.421773910522461,0.0,0.00024247169494628906
58,2.72638990941218,2.8792529106140137,0.3675,13.262271881103516,15.21611213684082,2.72638990941218,2.8790383338928223,0.3675,11.551141738891602,13.346195220947266,0.0,0.00021457672119140625
59,2.7184446796487087,2.8791394233703613,0.3875,13.229846954345703,15.244245529174805,2.7184446796487087,2.878951072692871,0.3875,11.579036712646484,13.376951217651367,0.0,0.00018835067749023438
60,2.871110746998226,2.8885891437530518,0.495,13.009071350097656,14.738321304321289,2.871110746998226,2.888425588607788,0.495,11.609554290771484,13.390302658081055,0.0,0.00016355514526367188
61,2.8911027131757514,2.898685932159424,0.48,13.444900512695312,15.748262405395508,2.886673404068456,2.8982694149017334,0.48,11.57689094543457,13.399600982666016,0.004429309107295332,0.0004165172576904297
62,2.8024152568665075,2.9027068614959717,0.4625,13.335704803466797,15.284061431884766,2.8024152568665075,2.902323007583618,0.4625,11.562824249267578,13.350248336791992,0.0,0.0003838539123535156
63,2.8472663933215037,2.9091475009918213,0.4875,13.316869735717773,15.25735855102539,2.8472663933215037,2.908794403076172,0.4875,11.542081832885742,13.371706008911133,0.0,0.00035309791564941406
64,2.804038635385406,2.912585735321045,0.445,13.551712036132812,15.561342239379883,2.804038635385406,2.912261962890625,0.445,11.79194450378418,13.698339462280273,0.0,0.0003237724304199219
65,2.88961460232258,2.9208121299743652,0.45,12.938499450683594,14.550447463989258,2.88961460232258,2.920516014099121,0.45,11.733531951904297,13.518333435058594,0.0,0.0002961158752441406
66,2.8224061314354296,2.924633741378784,0.45,13.477325439453125,15.560150146484375,2.8224061314354296,2.924363613128662,0.45,11.888742446899414,13.662576675415039,0.0,0.0002701282501220703
67,2.7606882485191693,2.9246420860290527,0.435,13.22484016418457,15.263080596923828,2.7606882485191693,2.9243969917297363,0.435,11.893510818481445,13.714313507080078,0.0,0.00024509429931640625
68,2.7487903279833237,2.923898458480835,0.44,13.373851776123047,15.38228988647461,2.7487903279833237,2.9236769676208496,0.44,11.749505996704102,13.522863388061523,0.0,0.00022149085998535156
69,2.7462564046220796,2.9229745864868164,0.435,13.20791244506836,15.162944793701172,2.7462564046220796,2.9227755069732666,0.435,11.805295944213867,13.58652114868164,0.0,0.0001990795135498047
70,2.780076545606395,2.92389178276062,0.43,12.651443481445312,14.168262481689453,2.7895187006387974,2.9242353439331055,0.4275,11.729717254638672,13.487577438354492,0.009442155032402422,0.00034356117248535156
71,2.774175443366353,2.92437481880188,0.4225,13.231515884399414,15.083074569702148,2.774175443366353,2.924720287322998,0.4225,11.831045150756836,13.625144958496094,0.0,0.00034546852111816406
72,2.77390295928852,2.9247539043426514,0.4075,13.739347457885742,16.04318618774414,2.77390295928852,2.9251010417938232,0.4075,11.615753173828125,13.473033905029297,0.0,0.000347137451171875
73,2.812016327871896,2.927079677581787,0.3975,13.32545280456543,15.554666519165039,2.812016327871896,2.9274284839630127,0.3975,11.803865432739258,13.614416122436523,0.0,0.00034880638122558594
74,2.7610396340354755,2.9265565872192383,0.3625,13.512849807739258,15.941381454467773,2.7610396340354755,2.9269068241119385,0.3625,11.824607849121094,13.642311096191406,0.0,0.0003502368927001953
75,2.568579038428862,2.9159960746765137,0.3775,12.740135192871094,14.295339584350586,2.5701796521828126,2.9164304733276367,0.3775,11.771202087402344,13.565301895141602,0.0016006137539505971,0.0004343986511230469
76,2.595225629905054,2.907214641571045,0.3225,13.435125350952148,15.611886978149414,2.595225629905054,2.907646894454956,0.3225,11.77525520324707,13.648033142089844,0.0,0.0004322528839111328
77,2.5925693536973857,2.8986287117004395,0.345,13.344049453735352,15.482425689697266,2.5925693536973857,2.8990590572357178,0.345,11.61336898803711,13.453245162963867,0.0,0.0004303455352783203
78,2.674330475332395,2.894465684890747,0.3275,13.398170471191406,15.590667724609375,2.674330475332395,2.8948941230773926,0.3275,11.602163314819336,13.438701629638672,0.0,0.0004284381866455078
79,2.6580138443926504,2.889622211456299,0.335,13.386249542236328,15.377283096313477,2.6580138443926504,2.8900485038757324,0.335,11.684894561767578,13.486862182617188,0.0,0.00042629241943359375
80,2.6956092917966163,2.8867809772491455,0.3475,12.879610061645508,14.356851577758789,2.6956092917966163,2.887205123901367,0.3475,11.554479598999023,13.340234756469727,0.0,0.0004241466522216797
81,2.7284949019361067,2.885608673095703,0.3575,13.714790344238281,15.630722045898438,2.725580534741046,2.8858892917633057,0.36,11.581182479858398,13.386011123657227,0.002914367195060663,0.00028061866760253906
82,2.726660446508118,2.884352922439575,0.355,13.314485549926758,15.544652938842773,2.726660446508118,2.8846356868743896,0.355,11.577606201171875,13.347864151000977,0.0,0.0002827644348144531
83,2.6719619984928857,2.880509376525879,0.36,13.287544250488281,15.210866928100586,2.6719619984928857,2.8807942867279053,0.36,11.558771133422852,13.327836990356445,0.0,0.0002849102020263672
84,2.7550609922132407,2.880683660507202,0.3625,13.377904891967773,15.408754348754883,2.732100728688272,2.879892110824585,0.3625,11.571645736694336,13.350486755371094,0.022960263524968827,0.0007915496826171875
85,2.689961062921855,2.8777859210968018,0.395,12.691974639892578,14.19520378112793,2.689961062921855,2.877027988433838,0.395,11.595726013183594,13.342142105102539,0.0,0.0007579326629638672
86,2.6504245794729675,2.8731462955474854,0.365,13.416528701782227,15.578031539916992,2.6504245794729675,2.8724207878112793,0.365,11.621475219726562,13.451814651489258,0.0,0.0007255077362060547
87,2.7081986730407053,2.8712821006774902,0.3575,13.298273086547852,15.229940414428711,2.7081986730407053,2.8705875873565674,0.3575,11.57832145690918,13.364076614379883,0.0,0.0006945133209228516
88,2.6965392030027857,2.868929386138916,0.365,13.472318649291992,15.74087142944336,2.6887383117201047,2.867913007736206,0.365,11.725902557373047,13.536453247070312,0.007800891282681022,0.001016378402709961
89,2.7187889395672498,2.8676249980926514,0.37,13.283729553222656,15.575885772705078,2.7187889395672498,2.866647481918335,0.37,11.583328247070312,13.692617416381836,0.0,0.0009775161743164062
90,2.6237392774871315,2.8621389865875244,0.365,12.825727462768555,14.237642288208008,2.6237392774871315,2.861199140548706,0.365,11.60287857055664,13.345479965209961,0.0,0.0009398460388183594
91,2.6473980802778496,2.857862710952759,0.3725,13.345718383789062,15.442371368408203,2.6473980802778496,2.8569586277008057,0.3725,11.730670928955078,13.550519943237305,0.0,0.000904083251953125
92,2.678322421171356,2.8550543785095215,0.3625,13.441324234008789,15.5181884765625,2.678322421171356,2.854185104370117,0.3625,11.777162551879883,13.599395751953125,0.0,0.0008692741394042969
93,2.692231010152536,2.852916717529297,0.41,13.603448867797852,15.785932540893555,2.692231010152536,2.852080821990967,0.41,11.860847473144531,13.68260383605957,0.0,0.0008358955383300781
94,2.6477507014510424,2.848938465118408,0.38,13.253927230834961,15.384435653686523,2.6524621742822494,2.848335027694702,0.375,11.812925338745117,13.606786727905273,0.0047114728312069865,0.0006034374237060547
95,2.702155275792058,2.8473665714263916,0.3725,12.756824493408203,14.194965362548828,2.7027192950483014,2.8468124866485596,0.3725,11.62409782409668,13.366460800170898,0.0005640192562434976,0.0005540847778320312
96,2.7220709626617885,2.8466546535491943,0.3625,13.292789459228516,15.210151672363281,2.7220709626617885,2.8461246490478516,0.3625,11.631965637207031,13.460874557495117,0.0,0.0005300045013427734
97,2.6984309043923576,2.8449649810791016,0.365,13.27061653137207,15.352010726928711,2.6984309043923576,2.8444578647613525,0.365,11.58452033996582,13.359308242797852,0.0,0.0005071163177490234
98,2.658579463964105,2.84167742729187,0.3725,13.286352157592773,15.329837799072266,2.658579463964105,2.8411927223205566,0.3725,11.55400276184082,13.338088989257812,0.0,0.00048470497131347656
99,2.6476381410886356,2.838035821914673,0.38,13.315439224243164,15.258312225341797,2.6476381410886356,2.8375728130340576,0.38,11.564493179321289,13.361215591430664,0.0,0.0004630088806152344
100,2.749295795168198,2.838585376739502,0.3675,12.871265411376953,14.309883117675781,2.749295795168198,2.8381431102752686,0.3675,11.548995971679688,13.28730583190918,0.0,0.00044226646423339844
101,2.698436570994737,2.837064743041992,0.3625,13.890743255615234,16.197681427001953,2.698436570994737,2.8366425037384033,0.3625,11.833667755126953,13.706207275390625,0.0,0.0004222393035888672
102,2.6640814645377855,2.8342151641845703,0.375,13.424158096313477,15.438556671142578,2.6640814645377855,2.8338122367858887,0.375,11.759042739868164,13.567447662353516,0.0,0.0004029273986816406
103,2.6594380236732054,2.8312573432922363,0.3825,13.290166854858398,15.230417251586914,2.6553858612934587,2.830714225769043,0.3825,11.86513900756836,13.653755187988281,0.004052162379746704,0.0005431175231933594
104,2.69412480505937,2.8297247886657715,0.375,13.205289840698242,15.20991325378418,2.69412480505937,2.8292036056518555,0.375,11.638879776000977,13.524532318115234,0.0,0.0005211830139160156
105,2.6232591019222093,2.825491428375244,0.3875,12.827396392822266,14.206409454345703,2.6232591019222093,2.8249917030334473,0.3875,11.63625717163086,13.349056243896484,0.0,0.000499725341796875
106,2.6764439936264566,2.82340931892395,0.3675,13.326883316040039,15.365839004516602,2.6764439936264566,2.822930335998535,0.3675,11.614322662353516,13.387203216552734,0.0,0.00047898292541503906
107,2.6425679887934543,2.820091485977173,0.3675,13.293027877807617,15.274286270141602,2.639784548923545,2.8195269107818604,0.3675,11.665105819702148,13.770580291748047,0.0027834398699093654,0.0005645751953125
108,2.6507479542655936,2.817169427871704,0.365,13.298988342285156,15.161275863647461,2.6488956997991995,2.8165571689605713,0.365,11.654376983642578,13.49949836730957,0.0018522544663941432,0.0006122589111328125
109,2.7132369339750344,2.816652774810791,0.3725,13.364791870117188,15.308618545532227,2.7132369339750344,2.816063404083252,0.3725,11.619806289672852,13.405084609985352,0.0,0.0005893707275390625
110,2.7765311318430435,2.8184759616851807,0.3775,12.71963119506836,14.188766479492188,2.7765311318430435,2.817908763885498,0.3775,11.64698600769043,13.302326202392578,0.0,0.0005671977996826172
111,2.7753071884847147,2.820178985595703,0.37,13.259649276733398,15.027999877929688,2.7753071884847147,2.8196332454681396,0.37,11.715173721313477,13.578414916992188,0.0,0.0005457401275634766
112,2.7264265418756968,2.820030927658081,0.3875,13.45515251159668,15.44499397277832,2.7301789080745484,2.8196427822113037,0.385,11.633157730102539,13.447284698486328,0.0037523661988516643,0.00038814544677734375
113,2.7563692701515636,2.8209526538848877,0.37,13.316631317138672,15.330314636230469,2.7563692701515636,2.8205811977386475,0.37,11.651992797851562,13.490676879882812,0.0,0.0003714561462402344
114,2.722717886251286,2.820621967315674,0.38,13.367176055908203,15.627145767211914,2.722717886251286,2.8202667236328125,0.38,11.60287857055664,13.374090194702148,0.0,0.0003552436828613281
115,2.5987404284294757,2.8158717155456543,0.3175,12.765645980834961,14.289379119873047,2.5987404284294757,2.8155324459075928,0.3175,11.593103408813477,13.319015502929688,0.0,0.00033926963806152344
116,2.5840652766746732,2.8107306957244873,0.32,13.450145721435547,15.435457229614258,2.583198416006209,2.810375928878784,0.3225,11.665105819702148,13.492345809936523,0.0008668606684643088,0.000354766845703125
117,2.5907211015818383,2.805961847305298,0.325,13.306856155395508,15.291452407836914,2.5907211015818383,2.8056225776672363,0.325,11.588811874389648,13.373374938964844,0.0,0.00033926963806152344
118,2.563395654023024,2.8003687858581543,0.3225,13.69476318359375,16.283035278320312,2.563395654023024,2.800044536590576,0.3225,11.618614196777344,13.441801071166992,0.0,0.000324249267578125
119,2.61392891245618,2.79667329788208,0.3275,13.230562210083008,15.327692031860352,2.61392891245618,2.796363592147827,0.3275,11.750936508178711,13.550281524658203,0.0,0.0003097057342529297
120,2.510395319112761,2.7895195484161377,0.2975,12.837648391723633,14.234781265258789,2.5095550480497164,2.7891952991485596,0.295,11.516332626342773,13.244867324829102,0.0008402710630446286,0.000324249267578125
121,2.5230549583636352,2.782992124557495,0.3025,13.45682144165039,15.437602996826172,2.5354849764491276,2.7831058502197266,0.3025,11.5814208984375,13.34238052368164,0.012430018085492378,0.00011372566223144531
122,2.5333040034245697,2.776987314224243,0.275,13.467788696289062,15.51365852355957,2.5333040034245697,2.7771058082580566,0.275,11.809110641479492,13.653755187988281,0.0,0.00011849403381347656
123,2.554804930568241,2.771865129470825,0.2775,13.264179229736328,15.247821807861328,2.554804930568241,2.7719881534576416,0.2775,11.564493179321289,13.373136520385742,0.0,0.00012302398681640625
124,2.5230549583636352,2.765817880630493,0.2775,13.332843780517578,15.325546264648438,2.52695565903491,2.7660751342773438,0.2775,11.646747589111328,13.442754745483398,0.0039007006712745707,0.00025725364685058594
125,2.388493698053628,2.7554702758789062,0.2575,12.666463851928711,14.071226119995117,2.388493698053628,2.7557289600372314,0.2575,11.663675308227539,13.396024703979492,0.0,0.0002586841583251953
126,2.424414493557326,2.7465853691101074,0.2475,13.347148895263672,15.31839370727539,2.424414493557326,2.746845245361328,0.2475,11.655807495117188,13.460397720336914,0.0,0.0002598762512207031
127,2.4208167689105107,2.737820625305176,0.26,13.845682144165039,16.013145446777344,2.4208167689105107,2.738081693649292,0.26,11.848926544189453,13.890981674194336,0.0,0.00026106834411621094
128,2.5297033792621515,2.7328267097473145,0.2425,13.44156265258789,15.619993209838867,2.5297033792621515,2.733088970184326,0.2425,11.940956115722656,13.86880874633789,0.0,0.00026226043701171875
129,2.46699344498327,2.7259373664855957,0.25,13.292789459228516,15.441656112670898,2.46699344498327,2.726200580596924,0.25,11.835098266601562,13.590574264526367,0.0,0.000263214111328125
130,2.4069314176243504,2.717301607131958,0.22,12.718915939331055,14.158248901367188,2.4069314176243504,2.7175657749176025,0.22,11.576175689697266,13.319969177246094,0.0,0.00026416778564453125
131,2.4645796455653457,2.7107291221618652,0.245,13.30876350402832,15.278100967407227,2.4645796455653457,2.710994005203247,0.245,11.642217636108398,13.453960418701172,0.0,0.00026488304138183594
132,2.4065153921921234,2.7024877071380615,0.2525,13.440847396850586,15.5181884765625,2.4071550616549593,2.7027738094329834,0.25,11.60740852355957,13.385534286499023,0.0006396694628358901,0.000286102294921875
133,2.4848218839585763,2.6969239711761475,0.2475,13.357162475585938,15.422344207763672,2.4848218839585763,2.6972105503082275,0.2475,11.749744415283203,13.571023941040039,0.0,0.0002865791320800781
134,2.4744238056025782,2.691176652908325,0.25,13.350248336791992,15.502452850341797,2.4744238056025782,2.6914634704589844,0.25,11.623144149780273,13.426780700683594,0.0,0.0002868175506591797
135,2.558052286414582,2.68817400932312,0.345,12.862920761108398,14.285564422607422,2.558052286414582,2.6884610652923584,0.345,11.616945266723633,13.390779495239258,0.0,0.00028705596923828125
136,2.5860435506221577,2.6861093044281006,0.325,13.326883316040039,15.35344123840332,2.5860435506221577,2.686396598815918,0.325,11.613845825195312,13.368844985961914,0.0,0.0002872943878173828
137,2.575898633888531,2.683781385421753,0.33,13.215065002441406,15.14744758605957,2.575898633888531,2.6840689182281494,0.33,11.605501174926758,13.390779495239258,0.0,0.0002875328063964844
138,2.562871845543695,2.6811110973358154,0.3475,13.551950454711914,15.644550323486328,2.562871845543695,2.681398630142212,0.3475,11.64388656616211,13.434410095214844,0.0,0.0002875328063964844
139,2.582235043783089,2.6790919303894043,0.35,13.278484344482422,15.206336975097656,2.582235043783089,2.679379463195801,0.35,11.564493179321289,13.323307037353516,0.0,0.0002875328063964844
140,2.4310607279817953,2.6725590229034424,0.2275,13.076305389404297,14.560222625732422,2.4310607279817953,2.6728463172912598,0.2275,11.810064315795898,13.551473617553711,0.0,0.0002872943878173828
141,2.464265239887874,2.6671831607818604,0.23,13.425827026367188,15.334367752075195,2.464265239887874,2.6674704551696777,0.23,11.626958847045898,13.43393325805664,0.0,0.0002872943878173828
142,2.4745824044820193,2.662245988845825,0.23,13.408660888671875,15.579462051391602,2.4745824044820193,2.6625332832336426,0.23,11.873960494995117,13.72075080871582,0.0,0.0002872943878173828
143,2.435403610956503,2.656266927719116,0.2325,13.313770294189453,15.266180038452148,2.435403610956503,2.6565539836883545,0.2325,11.829614639282227,13.623476028442383,0.0,0.00028705596923828125
144,2.405594400241641,2.6495537757873535,0.2525,13.197898864746094,15.212774276733398,2.405594400241641,2.6498405933380127,0.2525,11.628150939941406,13.410091400146484,0.0,0.0002868175506591797
145,2.539825297610229,2.646939516067505,0.27,12.846231460571289,14.36305046081543,2.5448249659024276,2.6473729610443115,0.27,11.642694473266602,13.406991958618164,0.004999668292198667,0.0004334449768066406
146,2.5687002169434527,2.645228624343872,0.2725,14.161109924316406,17.138957977294922,2.5687002169434527,2.6456592082977295,0.2725,11.697053909301758,14.463663101196289,0.0,0.0004305839538574219
147,2.5990389270857936,2.644437074661255,0.2775,13.802051544189453,16.646385192871094,2.5990389270857936,2.644864320755005,0.2775,11.849403381347656,14.017581939697266,0.0,0.00042724609375
148,2.6469104498750156,2.645043134689331,0.285,13.588905334472656,15.851020812988281,2.6469104498750156,2.6454672813415527,0.285,11.637449264526367,13.509035110473633,0.0,0.0004241466522216797
149,2.619184522128612,2.644836187362671,0.2975,13.254404067993164,15.455245971679688,2.619184522128612,2.6452574729919434,0.2975,11.635065078735352,13.489246368408203,0.0,0.00042128562927246094
150,2.445008446176409,2.6396596431732178,0.2,12.828588485717773,14.303445816040039,2.445008446176409,2.640078067779541,0.2,11.748552322387695,13.547182083129883,0.0,0.0004184246063232422
151,2.3722204418876114,2.6325368881225586,0.24,13.362646102905273,15.343904495239258,2.3722204418876114,2.6329524517059326,0.24,11.781930923461914,13.581275939941406,0.0,0.00041556358337402344
152,2.3906123350282735,2.6261000633239746,0.195,13.315916061401367,15.277862548828125,2.3906123350282735,2.6265127658843994,0.195,11.755228042602539,13.685226440429688,0.0,0.0004127025604248047
153,2.443320202939259,2.6212942600250244,0.1925,13.23699951171875,15.293121337890625,2.443320202939259,2.621703863143921,0.1925,11.765480041503906,13.528823852539062,0.0,0.0004096031188964844
154,2.424472741701214,2.616071939468384,0.185,13.394832611083984,15.437841415405273,2.424472741701214,2.61647891998291,0.185,11.77358627319336,13.59701156616211,0.0,0.0004069805145263672
155,2.6057859899935467,2.6160147190093994,0.215,12.811660766601562,14.261722564697266,2.6057859899935467,2.6164190769195557,0.215,11.836051940917969,13.668537139892578,0.0,0.00040435791015625
156,2.4941154725256367,2.612865924835205,0.2,13.264894485473633,15.193700790405273,2.4941154725256367,2.613267660140991,0.2,11.82699203491211,13.637304306030273,0.0,0.0004017353057861328
157,2.5566217363148995,2.6115105152130127,0.225,13.21721076965332,15.276193618774414,2.5566217363148995,2.6119096279144287,0.225,11.739015579223633,13.558387756347656,0.0,0.0003991127014160156
158,2.512927500773839,2.608987331390381,0.2325,13.257503509521484,15.175342559814453,2.512927500773839,2.6093835830688477,0.2325,11.636734008789062,13.506889343261719,0.0,0.0003962516784667969
159,2.489355452792135,2.60587739944458,0.25,13.252735137939453,15.320301055908203,2.489355452792135,2.6062707901000977,0.25,11.814594268798828,13.625383377075195,0.0,0.0003933906555175781
160,2.3414431235270614,2.598820209503174,0.19,13.125896453857422,15.137195587158203,2.3414431235270614,2.5992109775543213,0.19,11.758089065551758,13.575315475463867,0.0,0.00039076805114746094
161,2.4968863472577896,2.5961222648620605,0.17,13.438940048217773,15.588998794555664,2.4968863472577896,2.596510410308838,0.17,11.803865432739258,13.661623001098633,0.0,0.00038814544677734375
162,2.417950084043555,2.591360569000244,0.1825,13.276100158691406,15.278816223144531,2.417950084043555,2.5917463302612305,0.1825,11.751651763916016,13.57722282409668,0.0,0.0003857612609863281
163,2.5318308205389517,2.5897538661956787,0.185,13.224363327026367,15.40517807006836,2.5318308205389517,2.590137243270874,0.185,11.791229248046875,13.735294342041016,0.0,0.0003833770751953125
164,2.46390872738117,2.5863723754882812,0.19,13.352155685424805,15.358209609985352,2.46390872738117,2.5867531299591064,0.19,11.748552322387695,13.632774353027344,0.0,0.0003807544708251953
165,2.5276994901091974,2.5847580432891846,0.2,12.943506240844727,14.3890380859375,2.5276994901091974,2.5851359367370605,0.2,11.828184127807617,13.642549514770508,0.0,0.00037789344787597656
166,2.495710911837734,2.582334041595459,0.2125,13.483524322509766,15.894651412963867,2.495710911837734,2.582709312438965,0.2125,13.433694839477539,15.255928039550781,0.0,0.0003752708435058594
167,2.508460106972567,2.58029842376709,0.22,13.39578628540039,15.582561492919922,2.508460106972567,2.5806710720062256,0.22,11.742830276489258,13.553380966186523,0.0,0.0003726482391357422
168,2.44719580058272,2.5767030715942383,0.205,13.457775115966797,15.458822250366211,2.459129947975159,2.577385663986206,0.205,11.924028396606445,13.895034790039062,0.011934147392439254,0.0006825923919677734
169,2.520324664673603,2.57509183883667,0.2025,13.304471969604492,15.5181884765625,2.520324664673603,2.5757665634155273,0.2025,11.716604232788086,13.512849807739258,0.0,0.0006747245788574219
170,2.382113169352242,2.569927930831909,0.195,12.75181770324707,14.431953430175781,2.382113169352242,2.5705950260162354,0.195,11.657476425170898,13.431787490844727,0.0,0.0006670951843261719
171,2.4259309374290674,2.566007375717163,0.2025,13.236761093139648,15.494585037231445,2.4259309374290674,2.566666841506958,0.2025,11.78598403930664,13.629436492919922,0.0,0.0006594657897949219
172,2.543017612910261,2.5651843547821045,0.1975,13.406991958618164,15.500068664550781,2.543017612910261,2.565836191177368,0.1975,11.54017448425293,13.407707214355469,0.0,0.0006518363952636719
173,2.535880113549199,2.564196825027466,0.1975,13.48257064819336,15.724897384643555,2.4995930480850825,2.563910961151123,0.1975,11.58285140991211,13.446569442749023,0.03628706546411653,0.00028586387634277344
174,2.477021532737368,2.5617284774780273,0.21,13.520240783691406,15.714883804321289,2.477021532737368,2.561450958251953,0.21,11.522054672241211,13.390541076660156,0.0,0.00027751922607421875
175,2.759526233622179,2.5664944648742676,0.2925,12.768983840942383,14.407157897949219,2.766612569529052,2.5664052963256836,0.2925,11.626005172729492,13.412952423095703,0.007086335906873131,8.916854858398438e-05
176,2.643470081977691,2.5682244300842285,0.27,13.462305068969727,15.908956527709961,2.643470081977691,2.5681405067443848,0.27,11.622905731201172,13.443470001220703,0.0,8.392333984375e-05
177,2.62706340340821,2.5695061683654785,0.28,13.302087783813477,15.522241592407227,2.6249576149207368,2.569373846054077,0.28,11.757373809814453,13.55743408203125,0.002105788487473337,0.0001323223114013672
178,2.541068243688642,2.5686025619506836,0.2425,13.42916488647461,15.498638153076172,2.541068243688642,2.5684757232666016,0.2425,11.88516616821289,13.68570327758789,0.0,0.00012683868408203125
179,2.5115876356301907,2.5669808387756348,0.3,13.402700424194336,15.596866607666016,2.5115876356301907,2.566859483718872,0.3,11.63339614868164,13.436079025268555,0.0,0.00012135505676269531
180,2.548614687674818,2.5663156509399414,0.2975,12.799501419067383,14.479398727416992,2.548614687674818,2.566199779510498,0.2975,11.55853271484375,13.345003128051758,0.0,0.00011587142944335938
181,2.678786288073156,2.568896770477295,0.3225,13.514041900634766,15.728473663330078,2.678786288073156,2.5687859058380127,0.3225,11.697053909301758,13.592243194580078,0.0,0.00011086463928222656
182,2.687151204688357,2.57163405418396,0.3,14.080047607421875,16.57271385192871,2.687151204688357,2.571528196334839,0.3,11.733770370483398,13.676881790161133,0.0,0.00010585784912109375
183,2.4734360842405434,2.5690512657165527,0.3175,13.261795043945312,15.912294387817383,2.4734360842405434,2.5689504146575928,0.3175,16.586780548095703,18.622159957885742,0.0,0.00010085105895996094
184,2.4491857988459023,2.565925121307373,0.31,13.25225830078125,15.265703201293945,2.4491857988459023,2.565829277038574,0.31,11.720895767211914,13.52691650390625,0.0,9.584426879882812e-05
185,2.1886935876706737,2.556490659713745,0.2475,12.831449508666992,14.526844024658203,2.1886935876706737,2.5563995838165283,0.2475,11.728525161743164,13.495922088623047,0.0,9.107589721679688e-05
186,1.8775570847358152,2.539660692214966,0.2325,13.351678848266602,15.431642532348633,1.8775570847358152,2.539574384689331,0.2325,11.974811553955078,13.851404190063477,0.0,8.630752563476562e-05
187,2.3853464614988447,2.535492420196533,0.17,13.266801834106445,15.331745147705078,2.3853464614988447,2.5354106426239014,0.17,11.734247207641602,13.538122177124023,0.0,8.177757263183594e-05
188,2.4172168905916274,2.5321786403656006,0.1575,13.282537460327148,15.330076217651367,2.4172168905916274,2.5321013927459717,0.1575,11.588811874389648,13.464927673339844,0.0,7.724761962890625e-05
189,1.2433574848593667,2.500629186630249,0.235,13.389348983764648,15.779256820678711,1.2433574848593667,2.500556230545044,0.235,11.62409782409668,13.42916488647461,0.0,7.295608520507812e-05
190,1.969406614810145,2.4871363639831543,0.1575,12.83407211303711,14.633417129516602,1.969406614810145,2.487067699432373,0.1575,11.58905029296875,13.3514404296875,0.0,6.866455078125e-05
191,1.9977082427444899,2.4745843410491943,0.1425,13.366937637329102,15.470504760742188,1.9977082427444899,2.474519968032837,0.1425,11.622428894042969,13.417482376098633,0.0,6.437301635742188e-05
192,1.751246433685786,2.4563958644866943,0.1775,13.376951217651367,15.49673080444336,1.751246433685786,2.4563355445861816,0.1775,11.733770370483398,13.479232788085938,0.0,6.031990051269531e-05
193,1.9211616731817793,2.4425995349884033,0.175,13.364791870117188,15.83099365234375,1.9211616731817793,2.4425430297851562,0.175,11.717557907104492,13.519763946533203,0.0,5.650520324707031e-05
194,1.8748566715847466,2.4279725551605225,0.1875,13.365983963012695,15.473127365112305,1.8748566715847466,2.42792010307312,0.1875,11.541128158569336,13.408422470092773,0.0,5.245208740234375e-05
195,2.040224077712045,2.417534351348877,0.2,12.73965835571289,14.251470565795898,2.040224077712045,2.4174857139587402,0.2,11.704444885253906,13.471841812133789,0.0,4.863739013671875e-05
196,2.1491730732606924,2.4098639488220215,0.195,13.312816619873047,15.305042266845703,2.1491730732606924,2.4098191261291504,0.195,11.66844367980957,13.484001159667969,0.0,4.482269287109375e-05
197,2.2621161494757005,2.404994487762451,0.1725,13.306856155395508,15.297174453735352,2.2621161494757005,2.4049534797668457,0.1725,11.682987213134766,13.540506362915039,0.0,4.100799560546875e-05
198,2.391948662804097,2.4032599925994873,0.1725,13.972759246826172,16.216278076171875,2.391948662804097,2.4032227993011475,0.1725,11.76309585571289,14.700174331665039,0.0,3.719329833984375e-05
199,2.3941326405873893,2.401615858078003,0.1775,14.876365661621094,18.276691436767578,2.3941326405873893,2.4015820026397705,0.1775,11.630535125732422,13.709068298339844,0.0,3.3855438232421875e-05
200,2.4674326354491365,2.4017131328582764,0.1675,12.711286544799805,14.504194259643555,2.4674326354491365,2.4016826152801514,0.1675,11.731624603271484,13.491630554199219,0.0,3.0517578125e-05
201,2.3479372004693877,2.3990461826324463,0.1975,13.571977615356445,15.90418815612793,2.3479372004693877,2.3990190029144287,0.1975,11.672735214233398,13.466596603393555,0.0,2.7179718017578125e-05
202,2.3811182104248845,2.3972015380859375,0.22,13.24915885925293,15.31982421875,2.3811182104248845,2.3971776962280273,0.22,11.66677474975586,13.511180877685547,0.0,2.384185791015625e-05
203,2.2990363649306396,2.3935067653656006,0.22,13.254165649414062,15.30313491821289,2.2990363649306396,2.393486261367798,0.22,11.542797088623047,13.339996337890625,0.0,2.0503997802734375e-05
204,2.3300049774597,2.3905975818634033,0.2125,13.311624526977539,15.471458435058594,2.3300049774597,2.390580177307129,0.2125,11.693716049194336,13.537168502807617,0.0,1.7404556274414062e-05
205,2.4184499103953607,2.389773368835449,0.2075,12.745141983032227,14.386892318725586,2.4184499103953607,2.389759063720703,0.2075,11.717557907104492,13.526678085327148,0.0,1.430511474609375e-05
206,2.350967243352984,2.387430429458618,0.1875,13.356924057006836,15.658378601074219,2.367329836367367,2.3877928256988525,0.1875,11.571168899536133,13.42320442199707,0.016362593014383364,0.000362396240234375
207,2.2523140043058105,2.3828907012939453,0.1975,13.252735137939453,15.326976776123047,2.2523140043058105,2.3832504749298096,0.1975,11.67750358581543,13.570547103881836,0.0,0.0003597736358642578
208,2.3911361445946437,2.3815906047821045,0.1825,13.244867324829102,15.256643295288086,2.3911361445946437,2.3819477558135986,0.1825,11.820316314697266,13.633966445922852,0.0,0.0003571510314941406
209,2.3935639675138938,2.380376100540161,0.1875,13.316631317138672,15.442848205566406,2.3935639675138938,2.380730628967285,0.1875,11.552572250366211,13.402462005615234,0.0,0.00035452842712402344
210,2.83495533746531,2.3891541957855225,0.4575,12.89224624633789,14.770746231079102,2.83495533746531,2.3895061016082764,0.4575,11.708498001098633,13.516426086425781,0.0,0.00035190582275390625
211,2.8060309653831124,2.3971335887908936,0.46,13.24462890625,15.409231185913086,2.8060309653831124,2.3974831104278564,0.46,11.645793914794922,13.510465621948242,0.0,0.0003495216369628906
212,2.8340176118622917,2.4056081771850586,0.43,13.26608657836914,15.324831008911133,2.8340176118622917,2.4059553146362305,0.43,11.635541915893555,13.480186462402344,0.0,0.000347137451171875
213,2.8746758941253603,2.414851665496826,0.4325,13.309717178344727,15.326261520385742,2.8746758941253603,2.415196180343628,0.4325,11.550188064575195,13.414144515991211,0.0,0.0003445148468017578
214,2.8715086765932925,2.4238698482513428,0.4475,13.457298278808594,15.579700469970703,2.8715086765932925,2.4242117404937744,0.4475,11.58761978149414,13.437747955322266,0.0,0.0003418922424316406
215,2.662608024324826,2.4280850887298584,0.38,12.877464294433594,14.334917068481445,2.662608024324826,2.428424596786499,0.38,11.89732551574707,13.71145248413086,0.0,0.000339508056640625
216,2.642977893465963,2.4317970275878906,0.3725,13.355016708374023,15.596866607666016,2.642977893465963,2.4321341514587402,0.3725,11.728525161743164,13.582229614257812,0.0,0.0003371238708496094
217,2.6498050976261025,2.4356019496917725,0.38,13.332843780517578,15.395641326904297,2.6498050976261025,2.435936450958252,0.38,11.57832145690918,13.474702835083008,0.0,0.0003345012664794922
218,2.6843061260810854,2.4401090145111084,0.365,13.357162475585938,15.495061874389648,2.6843061260810854,2.440441131591797,0.365,11.741876602172852,13.617277145385742,0.0,0.00033211708068847656
219,2.6604604466817965,2.444018602371216,0.3625,13.33928108215332,15.648126602172852,2.6604604466817965,2.4443483352661133,0.3625,11.496543884277344,13.34238052368164,0.0,0.00032973289489746094
220,2.7077390486060713,2.4489059448242188,0.39,12.826204299926758,14.605998992919922,2.7077390486060713,2.449233293533325,0.39,11.549711227416992,13.36359977722168,0.0,0.0003273487091064453
221,2.7048406758669525,2.4536516666412354,0.395,13.590574264526367,15.82026481628418,2.7048406758669525,2.4539763927459717,0.395,11.523962020874023,13.365745544433594,0.0,0.0003247261047363281
222,2.6736893844540286,2.4576399326324463,0.375,13.288021087646484,15.544652938842773,2.6736893844540286,2.4579625129699707,0.375,11.735200881958008,13.535737991333008,0.0,0.00032258033752441406
223,2.6593267339217093,2.461251974105835,0.385,13.61393928527832,15.826702117919922,2.6646872089659874,2.461688995361328,0.385,11.702299118041992,13.538360595703125,0.005360475044278168,0.00043702125549316406
224,2.619329321193881,2.4639365673065186,0.39,13.248443603515625,15.371322631835938,2.619329321193881,2.464369535446167,0.39,11.546134948730469,13.387680053710938,0.0,0.0004329681396484375
225,2.591569696319275,2.465977191925049,0.395,12.718439102172852,14.449834823608398,2.591569696319275,2.4664061069488525,0.395,11.567831039428711,13.359308242797852,0.0,0.00042891502380371094
226,2.714429949582624,2.4706506729125977,0.39,13.44442367553711,15.761137008666992,2.714429949582624,2.4710752964019775,0.39,11.560916900634766,13.690948486328125,0.0,0.0004246234893798828
227,2.624009051277655,2.473294973373413,0.3975,13.33475112915039,15.527725219726562,2.6304559712285562,2.4738550186157227,0.3975,11.748313903808594,13.525009155273438,0.0064469199509011865,0.0005600452423095703
228,2.6432634861485944,2.4763143062591553,0.375,13.256549835205078,15.275955200195312,2.6378994242358154,2.476752758026123,0.3725,11.756181716918945,13.533830642700195,0.00536406191277905,0.00043845176696777344
229,2.5632967913914246,2.4775660037994385,0.3575,13.231039047241211,15.196084976196289,2.5632967913914246,2.4780001640319824,0.3575,11.66844367980957,13.49329948425293,0.0,0.0004341602325439453
230,2.4453572077880192,2.476267099380493,0.3325,12.868881225585938,14.612674713134766,2.4453572077880192,2.4766972064971924,0.3325,11.634588241577148,13.466596603393555,0.0,0.00043010711669921875
231,2.448351828381904,2.4750568866729736,0.3375,13.354063034057617,15.654563903808594,2.448351828381904,2.475482940673828,0.3375,11.513948440551758,13.308286666870117,0.0,0.0004260540008544922
232,2.5052819266357833,2.4750869274139404,0.3325,13.476371765136719,15.699148178100586,2.5052819266357833,2.47550892829895,0.3325,11.541604995727539,13.382911682128906,0.0,0.0004220008850097656
233,2.497197653834045,2.474947214126587,0.335,13.362884521484375,15.322208404541016,2.497197653834045,2.475365161895752,0.335,11.510610580444336,13.31782341003418,0.0,0.00041794776916503906
234,2.4753457031839043,2.4743475914001465,0.3325,13.465166091918945,15.702962875366211,2.4753457031839043,2.474761486053467,0.3325,11.70969009399414,13.572931289672852,0.0,0.0004138946533203125
235,2.575069105576378,2.4758801460266113,0.325,12.897491455078125,14.404773712158203,2.575069105576378,2.476289987564087,0.325,11.725664138793945,13.464689254760742,0.0,0.00040984153747558594
236,2.6386231706171603,2.4787392616271973,0.3125,13.331174850463867,15.418052673339844,2.6480332400620714,2.4793448448181152,0.3125,11.769533157348633,13.578176498413086,0.009410069444911073,0.0006055831909179688
237,2.5100529900634188,2.478834390640259,0.325,13.565540313720703,15.413761138916016,2.5100529900634188,2.479433298110962,0.325,11.78288459777832,13.677120208740234,0.0,0.000598907470703125
238,2.578049730322651,2.480367422103882,0.3225,13.50092887878418,15.98811149597168,2.578049730322651,2.48095965385437,0.3225,11.70969009399414,13.774871826171875,0.0,0.0005922317504882812
239,2.601098255173949,2.482365131378174,0.3225,13.297080993652344,15.302896499633789,2.601098255173949,2.4829506874084473,0.3225,11.702299118041992,13.530254364013672,0.0,0.0005855560302734375
240,2.524173796061252,2.482715368270874,0.3375,12.892484664916992,14.611959457397461,2.5176539521402947,2.4831573963165283,0.3375,11.738777160644531,13.532400131225586,0.006519843920957058,0.0004420280456542969
241,2.5300921674089896,2.483187198638916,0.34,13.401031494140625,15.411138534545898,2.5300921674089896,2.4836249351501465,0.34,11.706829071044922,13.53597640991211,0.0,0.00043773651123046875
242,2.5251545413874164,2.483551025390625,0.365,13.31472396850586,15.475273132324219,2.5251545413874164,2.4839842319488525,0.365,11.746883392333984,13.557195663452148,0.0,0.00043320655822753906
243,2.56020501181968,2.484645128250122,0.35,13.17906379699707,15.110969543457031,2.5493240122850818,2.484846353530884,0.35,11.745214462280273,13.517618179321289,0.010880999534598423,0.00020122528076171875
244,2.546960913552667,2.485448122024536,0.3475,13.359785079956055,15.449285507202148,2.546960913552667,2.4856481552124023,0.3475,11.813640594482422,13.611316680908203,0.0,0.00020003318786621094
245,2.5093884340617314,2.4854583740234375,0.285,12.983083724975586,14.490842819213867,2.5093884340617314,2.485657215118408,0.285,11.860132217407227,13.626575469970703,0.0,0.00019884109497070312
246,2.4895978121482902,2.4850592613220215,0.2925,13.306617736816406,15.330076217651367,2.4895978121482902,2.4852569103240967,0.2925,11.934757232666016,13.883590698242188,0.0,0.0001976490020751953
247,2.460009960273612,2.4840545654296875,0.29,13.083457946777344,15.662431716918945,2.460009960273612,2.484251022338867,0.29,15.182971954345703,17.271757125854492,0.0,0.0001964569091796875
248,2.4907410697200665,2.4837050437927246,0.2825,13.244867324829102,15.871047973632812,2.4907410697200665,2.483900308609009,0.2825,11.693716049194336,13.602733612060547,0.0,0.0001952648162841797
249,2.586666398712842,2.48534893989563,0.28,13.479471206665039,15.71202278137207,2.586666398712842,2.4855427742004395,0.28,11.702537536621094,13.519048690795898,0.0,0.0001938343048095703
250,2.6298895581036206,2.487863063812256,0.3225,12.68625259399414,14.513254165649414,2.6298895581036206,2.48805570602417,0.3225,11.555910110473633,13.36979866027832,0.0,0.0001926422119140625
251,2.707277621562266,2.4919376373291016,0.32,13.515949249267578,15.748739242553711,2.707277621562266,2.49212908744812,0.32,11.796951293945312,13.877153396606445,0.0,0.0001914501190185547
252,2.654704972423711,2.4948699474334717,0.315,13.259649276733398,15.448331832885742,2.654704972423711,2.4950602054595947,0.315,11.5966796875,13.705968856811523,0.0,0.00019025802612304688
253,2.6796206446068447,2.498272180557251,0.31,13.171195983886719,15.574216842651367,2.6796206446068447,2.4984614849090576,0.31,11.937379837036133,13.808012008666992,0.0,0.00018930435180664062
254,2.599538294068354,2.499981641769409,0.3175,13.605594635009766,15.893936157226562,2.599538294068354,2.5001697540283203,0.3175,11.952877044677734,13.806343078613281,0.0,0.0001881122589111328
255,2.6193240624251932,2.502072811126709,0.27,12.725353240966797,14.400959014892578,2.6193240624251932,2.5022594928741455,0.27,11.682987213134766,13.436555862426758,0.0,0.00018668174743652344
256,2.6569773854515195,2.5049045085906982,0.27,13.376235961914062,15.624523162841797,2.6569773854515195,2.5050899982452393,0.27,11.574745178222656,13.393878936767578,0.0,0.00018548965454101562
257,2.64640420581946,2.507479667663574,0.2675,13.17286491394043,15.078067779541016,2.64640420581946,2.5076639652252197,0.2675,11.734962463378906,13.671398162841797,0.0,0.0001842975616455078
258,2.6959803290085786,2.511029005050659,0.2675,13.520956039428711,15.778064727783203,2.6959803290085786,2.511212110519409,0.2675,11.603355407714844,13.441801071166992,0.0,0.00018310546875
259,2.660813180660495,2.5138111114501953,0.275,13.344287872314453,15.509366989135742,2.660813180660495,2.51399302482605,0.275,11.560201644897461,13.415336608886719,0.0,0.0001819133758544922
260,2.692466694811658,2.5171968936920166,0.37,12.819528579711914,14.562845230102539,2.692466694811658,2.5173776149749756,0.37,11.571645736694336,13.35597038269043,0.0,0.00018072128295898438
261,2.723028932865876,2.5211541652679443,0.3875,13.45205307006836,15.465497970581055,2.727032638715796,2.5214152336120605,0.3875,11.628866195678711,13.576745986938477,0.004003705849920269,0.00026106834411621094
262,2.7505704786830267,2.5256125926971436,0.3575,13.42153549194336,15.64931869506836,2.7505704786830267,2.5258712768554688,0.3575,11.779069900512695,13.594627380371094,0.0,0.0002586841583251953
263,2.723350706385764,2.5294551849365234,0.38,13.335704803466797,15.400171279907227,2.723350706385764,2.5297117233276367,0.38,11.739969253540039,13.522624969482422,0.0,0.00025653839111328125
264,2.763325648235917,2.534050226211548,0.3475,13.26751708984375,15.318155288696289,2.763325648235917,2.53430438041687,0.3475,11.699914932250977,13.484954833984375,0.0,0.0002541542053222656
265,2.4550989922430624,2.5323562622070312,0.3,12.670755386352539,14.135599136352539,2.4550989922430624,2.5326082706451416,0.3,11.691570281982422,13.480663299560547,0.0,0.00025200843811035156
266,2.478275865614827,2.5311548709869385,0.295,13.290882110595703,15.338420867919922,2.478275865614827,2.531404733657837,0.295,11.684656143188477,13.481855392456055,0.0,0.0002498626708984375
267,2.4999590883866483,2.5304081439971924,0.3075,13.184547424316406,15.08474349975586,2.4999590883866483,2.530656099319458,0.3075,11.72327995300293,13.585329055786133,0.0,0.000247955322265625
268,2.5199390536348245,2.5300748348236084,0.305,13.358831405639648,15.453338623046875,2.5199390536348245,2.530320644378662,0.305,11.791467666625977,13.599157333374023,0.0,0.00024580955505371094
269,2.4788458500137103,2.5289220809936523,0.295,13.263940811157227,15.492439270019531,2.4788458500137103,2.529165744781494,0.295,11.699438095092773,13.503789901733398,0.0,0.00024366378784179688
270,2.328933687178253,2.524780750274658,0.1925,12.826919555664062,14.644861221313477,2.328933687178253,2.525022268295288,0.1925,11.739730834960938,13.531923294067383,0.0,0.0002415180206298828
271,2.3203760855380624,2.520528554916382,0.21,13.32712173461914,15.230417251586914,2.325616148008267,2.5208728313446045,0.21,11.744022369384766,13.547420501708984,0.005240062470204698,0.00034427642822265625
272,2.317134492639156,2.5162737369537354,0.1875,13.385295867919922,15.570640563964844,2.317134492639156,2.5166144371032715,0.1875,11.697769165039062,13.482093811035156,0.0,0.0003407001495361328
273,2.2842583725872654,2.5114243030548096,0.195,13.218402862548828,15.349388122558594,2.2842583725872654,2.511761426925659,0.195,11.905908584594727,13.703107833862305,0.0,0.0003371238708496094
274,2.2820880137735857,2.5066022872924805,0.2025,13.315439224243164,15.367746353149414,2.2820880137735857,2.5069360733032227,0.2025,11.789798736572266,13.882637023925781,0.0,0.0003337860107421875
275,2.256024605844755,2.501331329345703,0.175,12.735605239868164,14.248371124267578,2.256024605844755,2.501661777496338,0.175,11.797666549682617,13.545751571655273,0.0,0.0003304481506347656
276,2.2392619241648717,2.4958033561706543,0.175,13.434410095214844,15.702962875366211,2.2392619241648717,2.4961304664611816,0.175,11.674880981445312,13.501882553100586,0.0,0.00032711029052734375
277,2.2520183336580515,2.490609645843506,0.1925,13.281106948852539,15.377521514892578,2.2520183336580515,2.490933418273926,0.1925,11.669158935546875,13.491630554199219,0.0,0.0003237724304199219
278,2.322607547273313,2.48689341545105,0.165,13.318777084350586,15.352487564086914,2.322607547273313,2.4872138500213623,0.165,11.792898178100586,13.621091842651367,0.0,0.0003204345703125
279,2.2520183336580515,2.4818317890167236,0.1625,13.254642486572266,15.36250114440918,2.2439183099643727,2.4819884300231934,0.1625,11.79957389831543,13.60177993774414,0.008100023693678793,0.00015664100646972656
280,2.1878409730307378,2.4755728244781494,0.105,12.897491455078125,14.610528945922852,2.1878409730307378,2.4757282733917236,0.105,11.777877807617188,13.542413711547852,0.0,0.00015544891357421875
281,2.165551265919564,2.468963384628296,0.11,13.51785659790039,15.571117401123047,2.165551265919564,2.4691178798675537,0.11,11.779069900512695,13.553142547607422,0.0,0.0001544952392578125
282,2.1301124495191686,2.4617490768432617,0.1075,13.314485549926758,15.465021133422852,2.1301124495191686,2.461902379989624,0.1075,11.744976043701172,13.561010360717773,0.0,0.0001533031463623047
283,2.1567328236883365,2.455164909362793,0.1025,13.199090957641602,15.168428421020508,2.1567328236883365,2.4553170204162598,0.1025,11.623382568359375,13.473033905029297,0.0,0.00015211105346679688
284,2.1969241012764664,2.4494688510894775,0.1075,13.246297836303711,15.362262725830078,2.1969241012764664,2.449619770050049,0.1075,11.608362197875977,13.387203216552734,0.0,0.00015091896057128906
285,2.154071513110943,2.443011522293091,0.12,12.691497802734375,14.142990112304688,2.1448826029753723,2.4429802894592285,0.12,11.62862777709961,13.460397720336914,0.009188910135570882,3.123283386230469e-05
286,2.1836646948659855,2.437230348587036,0.125,13.732671737670898,16.01552963256836,2.1836646948659855,2.4372005462646484,0.125,11.752843856811523,13.546943664550781,0.0,2.9802322387695312e-05
287,2.167604440054184,2.431217908859253,0.1375,13.463497161865234,15.396595001220703,2.167604440054184,2.4311892986297607,0.1375,11.870622634887695,13.770818710327148,0.0,2.86102294921875e-05
288,2.1701104188553684,2.425342321395874,0.135,13.359785079956055,15.505552291870117,2.1701104188553684,2.4253149032592773,0.135,11.72637939453125,13.549089431762695,0.0,2.7418136596679688e-05
289,2.2210975315820742,2.420553207397461,0.145,13.34834098815918,15.49220085144043,2.2210975315820742,2.4205269813537598,0.145,11.71422004699707,13.569831848144531,0.0,2.6226043701171875e-05
290,2.175383779379169,2.414938449859619,0.135,12.710332870483398,14.421939849853516,2.175383779379169,2.4149134159088135,0.135,11.678457260131836,13.466835021972656,0.0,2.5033950805664062e-05
291,2.174705623532439,2.4093925952911377,0.1325,13.471364974975586,15.75779914855957,2.174705623532439,2.4093687534332275,0.1325,11.744499206542969,13.525962829589844,0.0,2.384185791015625e-05
292,2.276765856902555,2.4059252738952637,0.13,13.449430465698242,15.592336654663086,2.276765856902555,2.40590238571167,0.13,11.673688888549805,13.612747192382812,0.0,2.288818359375e-05
293,2.2291285170926085,2.4015793800354004,0.15,13.384103775024414,15.717029571533203,2.2291285170926085,2.401557683944702,0.15,11.604547500610352,13.466119766235352,0.0,2.1696090698242188e-05
294,2.2623510679507133,2.397947311401367,0.14,13.642072677612305,16.250133514404297,2.2623510679507133,2.3979268074035645,0.14,11.995077133178711,13.757467269897461,0.0,2.0503997802734375e-05
295,2.6241210493143106,2.401430368423462,0.23,12.880563735961914,14.892339706420898,2.6241210493143106,2.4014108180999756,0.23,11.717557907104492,13.511180877685547,0.0,1.9550323486328125e-05
296,2.553023501340015,2.403485059738159,0.2275,13.25678825378418,15.135049819946289,2.553023501340015,2.4034667015075684,0.2275,11.744976043701172,13.557672500610352,0.0,1.8358230590820312e-05
297,2.5659243497011968,2.405768632888794,0.2225,13.294219970703125,15.477895736694336,2.5659243497011968,2.4057512283325195,0.2225,11.734485626220703,13.546228408813477,0.0,1.7404556274414062e-05
298,2.522369639040247,2.4071786403656006,0.215,13.461589813232422,15.589237213134766,2.522369639040247,2.4071621894836426,0.215,11.749029159545898,13.58652114868164,0.0,1.6450881958007812e-05
299,2.527286397019176,2.40867018699646,0.2,13.342142105102539,15.461444854736328,2.5264536420891437,2.4086387157440186,0.2025,11.831045150756836,13.617515563964844,0.000832754930032209,3.147125244140625e-05
300,2.6497799300399976,2.412526845932007,0.265,12.869119644165039,14.832735061645508,2.6497799300399976,2.412496566772461,0.265,11.786937713623047,13.571500778198242,0.0,3.0279159545898438e-05
